{"parts": [{"name": "main_3", "expression": "lhf_0", "lhfs": {"lhf_0": {"plane_normal": [0.0, 1.0, 0.0], "plane_origin": [0.0, 0.4000000059604645, 0.0], "amount": [2.4], "polysets": [[[-0.5, 0.0, 0.0], [0.5, 0.0, 0.0], [0.5, 0.5, 0.0], [-0.5, 0.5, 0.0], [-0.5, 0.0, 0.0]]], "poly_signs": [1]}}}, {"name": "main_1", "expression": "lhf_0", "lhfs": {"lhf_0": {"plane_normal": [0.0, 1.0, 0.0], "plane_origin": [0.0, 0.0, 0.0], "amount": [2.5], "polysets": [[[-0.5, -0.5, 0.0], [0.5, -0.5, 0.0], [0.5, 0.5, 0.0], [-0.5, 0.5, 0.0], [-0.5, -0.5, 0.0]]], "poly_signs": [1]}}}, {"name": "main_2", "expression": "lhf_0", "lhfs": {"lhf_0": {"plane_normal": [0.0015925480984151363, -0.9999987483024597, 0.0], "plane_origin": [-3.4924596548080444e-10, 3.0, 0.0], "amount": [2.5], "polysets": [[[-0.49999746680259705, -0.5, 0.0], [0.49999746680259705, -0.5, 0.0], [0.49999746680259705, 0.5, 0.0], [-0.49999746680259705, 0.5, 0.0], [-0.49999746680259705, -0.5, 0.0]]], "poly_signs": [1]}}}], "state_map": {"main_3": {"0": [[1.0, 0.0, 0.0, 0.0], [0.0, 1.0, 0.0, 0.0], [0.0, 0.0, 1.0, 0.0], [0.0, 0.0, 0.0, 1.0]]}, "main_1": {"0": [[1.0, 0.0, 0.0, 0.0], [0.0, 1.0, 0.0, 0.0], [0.0, 0.0, 1.0, 0.0], [0.0, 0.0, 0.0, 1.0]]}, "main_2": {"0": [[1.0, 0.0, 0.0, 0.0], [0.0, 1.0, 0.0, 0.0], [0.0, 0.0, 1.0, 0.0], [0.0, 0.0, 0.0, 1.0]]}}}