{"parts": [{"name": "main_2", "expression": "Difference(lhf_0, Union(lhf_1))", "lhfs": {"lhf_0": {"plane_normal": [0.0, 1.0, 0.0], "plane_origin": [0.0, 1.0, 0.0], "amount": [2.0], "polysets": [[[-0.5, -0.5, 0.0], [0.5, -0.5, 0.0], [0.5, 0.5, 0.0], [-0.5, 0.5, 0.0], [-0.5, -0.5, 0.0]]], "poly_signs": [1]}, "lhf_1": {"plane_normal": [1.0, 0.0, 0.0], "plane_origin": [-0.5009999871253967, 0.0, 0.0], "amount": [1.0019999999999998], "polysets": [[[1.2629648447036743, 0.18066313862800598, 0.0], [1.2586446099616504, 0.18001146704514903, 0.0], [1.2542853459910281, 0.17971834298860162, 0.0], [1.2499167582903916, 0.17978576390479173, 0.0], [1.2455686158933736, 0.18021327036480114, 0.0], [1.2412705485123963, 0.18099794919506923, 0.0], [1.2370518446317909, 0.18213445332874287, 0.0], [1.2329412519261642, 0.1836150382423976, 0.0], [1.228966781364024, 0.18542961472983877, 0.0], [1.2251555163315686, 0.18756581765336366, 0.0], [1.221533428077337, 0.19000909020399082, 0.0], [1.2181251987353385, 0.19274278309647783, 0.0], [1.2149540531326488, 0.19574826802318032, 0.0], [1.2120416005275847, 0.1990050645936386, 0.0], [1.2094076873569115, 0.20249097989488268, 0.0], [1.2070702619955131, 0.2061822597214448, 0.0], [1.2050452524500972, 0.21005375044454705, 0.0], [1.2033464578203714, 0.2140790704174322, 0.0], [1.201985454267314, 0.2182307897488247, 0.0], [1.2009715161292969, 0.2224806172194837, 0.0], [1.2003115527236106, 0.2267995930681367, 0.0], [1.200010061264038, 0.2311582863330841, 0.0], [1.200010061264038, 0.5470833778381348, 0.0], [1.1998292899272012, 0.5514540267576435, 0.0], [1.1992882106846998, 0.5557948197159819, 0.0], [1.1983905196564972, 0.5600761046950168, 0.0], [1.1971423489827115, 0.5642686361764641, 0.0], [1.1955522249348811, 0.5683437749184379, 0.0], [1.193631009672881, 0.5722736835905171, 0.0], [1.1913918270453567, 0.5760315169309435, 0.0], [1.188849972940528, 0.5795916051269843, 0.0], [1.1860228107997586, 0.5829296291657872, 0.0], [1.182929653007645, 0.5860227869579007, 0.0], [1.1795916289688422, 0.5888499490986698, 0.0], [1.1760315407728013, 0.5913918032034988, 0.0], [1.172273707432375, 0.593630985831023, 0.0], [1.1683437987602958, 0.5955522010930231, 0.0], [1.164268660018322, 0.5971423251408535, 0.0], [1.1600761285368748, 0.5983904958146391, 0.0], [1.1557948435578398, 0.5992881868428418, 0.0], [1.1514540505995017, 0.5998292660853433, 0.0], [1.1470834016799927, 0.6000100374221802, 0.0], [0.8529166579246521, 0.6000100374221802, 0.0], [0.8485460090051433, 0.5998292660853434, 0.0], [0.844205216046805, 0.5992881868428419, 0.0], [0.8399239310677701, 0.5983904958146392, 0.0], [0.8357313995863228, 0.5971423251408537, 0.0], [0.8316562608443488, 0.5955522010930232, 0.0], [0.8277263521722698, 0.593630985831023, 0.0], [0.8239685188318434, 0.5913918032034989, 0.0], [0.8204084306358026, 0.58884994909867, 0.0], [0.8170704065969996, 0.5860227869579007, 0.0], [0.8139772488048861, 0.5829296291657872, 0.0], [0.8111500866641169, 0.5795916051269842, 0.0], [0.8086082325592879, 0.5760315169309435, 0.0], [0.8063690499317637, 0.5722736835905172, 0.0], [0.8044478346697637, 0.5683437749184379, 0.0], [0.8028577106219332, 0.5642686361764641, 0.0], [0.8016095399481477, 0.5600761046950167, 0.0], [0.800711848919945, 0.5557948197159819, 0.0], [0.8001707696774435, 0.5514540267576435, 0.0], [0.7999899983406067, 0.5470833778381348, 0.0], [0.7999899983406067, -0.5470833778381348, 0.0], [0.8001707696774435, -0.5514540267576435, 0.0], [0.800711848919945, -0.5557948197159819, 0.0], [0.8016095399481478, -0.5600761046950168, 0.0], [0.8028577106219332, -0.5642686361764641, 0.0], [0.8044478346697638, -0.5683437749184379, 0.0], [0.8063690499317638, -0.5722736835905171, 0.0], [0.808608232559288, -0.5760315169309435, 0.0], [0.8111500866641169, -0.5795916051269843, 0.0], [0.8139772488048862, -0.5829296291657872, 0.0], [0.8170704065969997, -0.5860227869579007, 0.0], [0.8204084306358027, -0.5888499490986698, 0.0], [0.8239685188318434, -0.5913918032034988, 0.0], [0.8277263521722698, -0.593630985831023, 0.0], [0.831656260844349, -0.5955522010930231, 0.0], [0.8357313995863228, -0.5971423251408535, 0.0], [0.8399239310677702, -0.5983904958146391, 0.0], [0.844205216046805, -0.5992881868428418, 0.0], [0.8485460090051433, -0.5998292660853433, 0.0], [0.8529166579246521, -0.6000100374221802, 0.0], [1.1470834016799927, -0.6000100374221802, 0.0], [1.1514540505995015, -0.5998292660853434, 0.0], [1.1557948435578398, -0.5992881868428419, 0.0], [1.1600761285368746, -0.5983904958146392, 0.0], [1.164268660018322, -0.5971423251408537, 0.0], [1.1683437987602958, -0.5955522010930232, 0.0], [1.172273707432375, -0.593630985831023, 0.0], [1.1760315407728013, -0.5913918032034989, 0.0], [1.1795916289688422, -0.58884994909867, 0.0], [1.1829296530076452, -0.5860227869579007, 0.0], [1.1860228107997586, -0.5829296291657872, 0.0], [1.1888499729405277, -0.5795916051269842, 0.0], [1.191391827045357, -0.5760315169309435, 0.0], [1.193631009672881, -0.5722736835905172, 0.0], [1.1955522249348811, -0.5683437749184379, 0.0], [1.1971423489827115, -0.5642686361764641, 0.0], [1.198390519656497, -0.5600761046950167, 0.0], [1.1992882106846998, -0.5557948197159819, 0.0], [1.1998292899272012, -0.5514540267576435, 0.0], [1.200010061264038, -0.5470833778381348, 0.0], [1.2000100612640376, -0.2311601787805557, 0.0], [1.2003113950559183, -0.22680145426869477, 0.0], [1.2009712056112016, -0.22248243453551883, 0.0], [1.2019849967147658, -0.2182325511226755, 0.0], [1.2033458599853273, -0.21408076444905372, 0.0], [1.2050445219519372, -0.21005536646281436, 0.0], [1.20706940724715, -0.2061837878486496, 0.0], [1.2094067174862442, -0.202492411104039, 0.0], [1.2120405252949786, -0.19900639075827578, 0.0], [1.2149528828451417, -0.19574948195936315, 0.0], [1.2181239441582878, -0.1927438785968593, 0.0], [1.2215321003442356, -0.19001006206376647, 0.0], [1.2251541268527577, -0.1875666616880622, 0.0], [1.228965341735027, -0.18543032778494803, 0.0], [1.2329397738363688, -0.18361561819488945, 0.0], [1.237050339774177, -0.1821348990806219, 0.0], [1.2412690284950025, -0.18099826065913258, 0.0], [1.2455670921531639, -0.18021344844285422, 0.0], [1.249915242010157, -0.17978581045862066, 0.0], [1.2542838480199263, -0.17971826080405603, 0.0], [1.2586431407399459, -0.18001125978973878, 0.0], [1.2629634141921997, -0.18066281080245972, 0.0], [1.7356013059616089, -0.2856987416744232, 0.0], [1.7398371569210427, -0.2864608316088546, 0.0], [1.7441209229818042, -0.2868762383437152, 0.0], [1.7484242776616181, -0.28694221499429073, 0.0], [1.7527187649481046, -0.28665832528875945, 0.0], [1.7569759874646846, -0.28602644645304776, 0.0], [1.761167794248761, -0.28505075679763897, 0.0], [1.7652664669004754, -0.283737708088418, 0.0], [1.7692449028711426, -0.28209598288425, 0.0], [1.7730767946793533, -0.28013643712339975, 0.0], [1.776736803869682, -0.27787202833843894, 0.0], [1.7802007285636914, -0.27531772997432225, 0.0], [1.783445663495302, -0.27249043237620624, 0.0], [1.786450151472286, -0.26940883110172925, 0.0], [1.7891943252623486, -0.2660933032962914, 0.0], [1.7916600389655692, -0.2625657729488034, 0.0], [1.793830988004499, -0.25884956591890473, 0.0], [1.7956928169384818, -0.25496925569428575, 0.0], [1.7972332143892704, -0.25095050089804566, 0.0], [1.7984419944502426, -0.24681987562057314, 0.0], [1.7993111640408972, -0.24260469369788223, 0.0], [1.7998349757612468, -0.23833282809836684, 0.0], [1.8000099658966064, -0.2340325266122818, 0.0], [1.8000099658966067, 0.2340325266122818, 0.0], [1.7998349757612468, 0.23833282809836687, 0.0], [1.7993111640408972, 0.24260469369788223, 0.0], [1.7984419944502426, 0.24681987562057311, 0.0], [1.7972332143892704, 0.2509505008980456, 0.0], [1.795692816938482, 0.2549692556942857, 0.0], [1.7938309880044991, 0.25884956591890473, 0.0], [1.791660038965569, 0.26256577294880334, 0.0], [1.7891943252623486, 0.2660933032962914, 0.0], [1.786450151472286, 0.26940883110172925, 0.0], [1.783445663495302, 0.2724904323762062, 0.0], [1.7802007285636916, 0.2753177299743222, 