{"parts": [{"name": "main_1", "expression": "Difference(lhf_0, Union(lhf_1, lhf_2))", "lhfs": {"lhf_0": {"plane_normal": [0.0, 1.0, 0.0], "plane_origin": [0.0, 0.0, 0.0], "amount": [2.0], "polysets": [[[-0.5, -0.5, 0.0], [0.5, -0.5, 0.0], [0.5, 0.5, 0.0], [-0.5, 0.5, 0.0], [-0.5, -0.5, 0.0]]], "poly_signs": [1]}, "lhf_1": {"plane_normal": [1.0, 0.0, 0.0], "plane_origin": [-0.5009999871253967, 0.0, 0.0], "amount": [0.5109999761581421], "polysets": [[[1.2072087526321411, -1.3495908975601196, 0.0], [1.2103202280987828, -1.3526656322714528, 0.0], [1.2136749858819957, -1.3554729215940127, 0.0], [1.217250109583884, -1.3579935888947061, 0.0], [1.2210211774838418, -1.3602104154595278, 0.0], [1.2249624293636727, -1.3621082581148383, 0.0], [1.2290469424760064, -1.3636741526705998, 0.0], [1.2332468154539646, -1.36489740247894, 0.0], [1.237533358905795, -1.365769651503106, 0.0], [1.2418772913925116, -1.3662849413976683, 0.0], [1.2462489394498184, -1.3664397522100644, 0.0], [1.2506184402879648, -1.3662330264254445, 0.0], [1.2549559457848847, -1.3656661761905684, 0.0], [1.2592318263791402, -1.3647430736674133, 0.0], [1.263416873469877, -1.3634700245823796, 0.0], [1.2674824989411875, -1.361855725151784, 0.0], [1.2714009304479368, -1.3599112026778841, 0.0], [1.275145401129046, -1.3576497402212193, 0.0], [1.278690332452297, -1.3550867858638378, 0.0], [1.2820115089416504, -1.3522398471832275, 0.0], [3.3996407985687256, 0.6205363869667051, 0.0], [3.4027155384057517, 0.6236478577148142, 0.0], [3.4055228332261507, 0.6270026112188873, 0.0], [3.408043506359274, 0.6305777311102589, 0.0], [3.4102603390512742, 0.6343487956943531, 0.0], [3.4121581880866585, 0.6382900447756246, 0.0], [3.4137240892318053, 0.6423745556258191, 0.0], [3.414947345793831, 0.6465744268935121, 0.0], [3.4158196016898477, 0.6508609691986335, 0.0], [3.4163348985274844, 0.6552049011100304, 0.0], [3.4164897163067507, 0.6595765491673371, 0.0], [3.416282997465205, 0.6639460505808031, 0.0], [3.4157161541021797, 0.6682835572244321, 0.0], [3.4147930583327097, 0.6725594395289534, 0.0], [3.4135200158370615, 0.676744488881829, 0.0], [3.411905722786539, 0.6808101171516991, 0.0], [3.4099612064398186, 0.6847285519743121, 0.0], [3.407699749815584, 0.6884730264659378, 0.0], [3.405136800956041, 0.6920179620683289, 0.0], [3.402289867401123, 0.6953391432762146, 0.0], [2.7927911281585693, 1.3495908975601194, 0.0], [2.7896796578176204, 1.35266562755292, 0.0], [2.786324905532246, 1.35547291259634, 0.0], [2.782749787662788, 1.3579935760865172, 0.0], [2.7789787258900094, 1.360210399335475, 0.0], [2.7750374803902513, 1.3621082391922261, 0.0], [2.770952973867303, 1.3636741314858487, 0.0], [2.7667531076430305, 1.3648973795839237, 0.0], [2.762466571063051, 1.3657696274613802, 0.0], [2.7581226455194088, 1.366284916780623, 0.0], [2.7537510044289717, 1.3664397275930196, 0.0], [2.7493815105338997, 1.3662330023837188, 0.0], [2.7450440119088304, 1.365666153295552, 0.0], [2.7407681380682596, 1.3647430524826625, 0.0], [2.7365830975669088, 1.3634700056597675, 0.0], [2.7325174784756716, 1.3618557090277317, 0.0], [2.7285990530961013, 1.3599111898696954, 0.0], [2.724854588247422, 1.3576497312235474, 0.0], [2.72130966242201, 1.3550867811453058, 0.0], [2.7179884910583496, 1.3522398471832275, 0.0], [0.6003591418266296, -0.6205363869667053, 0.0], [0.5972844045524504, -0.6236478600740807, 0.0], [0.5944771124809707, -0.6270026157177239, 0.0], [0.5919564422640623, -0.6305777375143538, 0.0], [0.5897396126356514, -0.6343488037563796, 0.0], [0.5878417667903041, -0.6382900542369309, 0.0], [0.5862758689398497, -0.642374566218195, 0.0], [0.5850526157546667, -0.6465744383410205, 0.0], [0.5841803632945757, -0.6508609812194965, 0.0], [0.5836650699284761, -0.6552049134185531, 0.0], [0.5835102556326449, -0.6595765614758599, 0.0], [0.5837169779457279, -0.6639460626016661, 0.0], [0.5842838247446784, -0.6682835686719405, 0.0], [0.5852069238909908, -0.672559450121329, 0.0], [0.586479969681332, -0.6767444983431351, 0.0], [0.5880942659218906, -0.6808101252137253, 0.0], [0.590038785332201, -0.6847285583784065, 0.0], [0.5923002448726508, -0.6884730309647739, 0.0], [0.5948631964811129, -0.692017964427595, 0.0], [0.597710132598877, -0.6953391432762146, 0.0], [1.2072087526321411, -1.3495908975601196, 0.0]]], "poly_signs": [1]}, "lhf_2": {"plane_normal": [-1.0, 0.0, 0.0], "plane_origin": [0.5009999871253967, 0.0, 0.0], "amount": [0.5109999761581421],