{"parts": [{"name": "main_2", "expression": "Difference(lhf_0, Union(lhf_1))", "lhfs": {"lhf_0": {"plane_normal": [0.0, 1.0, 0.0], "plane_origin": [0.0, 1.0, 0.0], "amount": [2.0], "polysets": [[[-0.5, -0.5, 0.0], [0.5, -0.5, 0.0], [0.5, 0.5, 0.0], [-0.5, 0.5, 0.0], [-0.5, -0.5, 0.0]]], "poly_signs": [1]}, "lhf_1": {"plane_normal": [1.0, 0.0, 0.0], "plane_origin": [-0.5009999871253967, 0.0, 0.0], "amount": [1.0019999999999998], "polysets": [[[1.2311867475509644, 0.17360100150108337, 0.0], [1.2290510053758616, 0.1733025419552042, 0.0], [1.22689805530023, 0.17317893487257535, 0.0], [1.2247421884482041, 0.1732310007479133, 0.0], [1.222597715305266, 0.17345839397176988, 0.0], [1.2204788707262952, 0.17385960512466228, 0.0], [1.2183997194456504, 0.1744319709964886, 0.0], [1.2163740627164972, 0.17517169226472046, 0.0], [1.2144153466991057, 0.1760738587140263, 0.0], [1.212536573206229, 0.1771324818299192, 0.0], [1.2107502133980266, 0.17834053455007545, 0.0], [1.2090681249994204, 0.17968999790945703, 0.0], [1.2075014735893912, 0.18117191426961105, 0.0], [1.2060606584846858, 0.18277644677881477, 0.0], [1.2047552437099187, 0.18449294466837313, 0.0], [1.2035938945122802, 0.18631001395163746, 0.0], [1.2025843198422632, 0.18821559305645022, 0.0], [1.2017332211822185, 0.19019703288897313, 0.0], [1.2010462480624058, 0.19224118079744107, 0.0], [1.200527960559831, 0.1943344678784964, 0.0], [1.2001817990287869, 0.19646299904657075, 0.0], [1.200010061264038, 0.19861264526844025, 0.0], [1.200010061264038, 0.5735417008399963, 0.0], [1.1999196559320504, 0.5757274411164727, 0.0], [1.199649062376518, 0.5778982503683341, 0.0], [1.199200129025849, 0.580039299766858, 0.0], [1.198575922550115, 0.5821359637733012, 0.0], [1.1977807069125863, 0.584173920046162, 0.0], [1.1968199142425373, 0.5861392472772974, 0.0], [1.1957001077282952, 0.5880185202885769, 0.0], [1.1944289367840069, 0.5897989017394633, 0.0], [1.193015084796384, 0.591468229819068, 0.0], [1.1914682098083633, 0.5930151013236538, 0.0], [1.1897988785448812, 0.5944289495520798, 0.0], [1.188018494231424, 0.5957001164870881, 0.0], [1.1861392186984347, 0.5968199187693548, 0.0], [1.1841738893036757, 0.5977807070136416, 0.0], [1.1821359312400583, 0.5985759180618537, 0.0], [1.1800392658279573, 0.5992001198160664, 0.0], [1.1778982154184767, 0.5996490483452622, 0.0], [1.1757274055572657, 0.5999196370123049, 0.0], [1.1735416650772095, 0.6000100374221802, 0.0], [0.8264583349227905, 0.6000100374221803, 0.0], [0.8242725970055804, 0.5999196346530388, 0.0], [0.8221017898932891, 0.5996490438464261, 0.0], [0.8199607424000235, 0.5992001134119719, 0.0], [0.8178640800515119, 0.5985759099998275, 0.0], [0.8158261251779312, 0.5977806975523355, 0.0], [0.8138607990778651, 0.5968199081769793, 0.0], [0.8119815269217183, 0.5957001050395798, 0.0], [0.8102011460441866, 0.594428937531217, 0.0], [0.8085318182522415, 0.593015089015131, 0.0], [0.8069849467476559, 0.5914682175105453, 0.0], [0.80557109823157, 0.5897988897186004, 0.0], [0.8042999307232072, 0.5880185088410685, 0.0], [0.8031801275858076, 0.5861392366849218, 0.0], [0.8022193382104514, 0.5841739105848558, 0.0], [0.8014241257629595, 0.5821359557112749, 0.0], [0.8007999223508151, 0.5800392933627635, 0.0], [0.8003509919163608, 0.5778982458694978, 0.0], [0.8000804011097482, 0.5757274387572064, 0.0], [0.7999899983406067, 0.5735417008399963, 0.0], [0.7999899983406067, -0.5735417008399963, 0.0], [0.8000804011097482, -0.5757274387572064, 0.0], [0.8003509919163609, -0.5778982458694978, 0.0], [0.8007999223508151, -0.5800392933627634, 0.0], [0.8014241257629595, -0.5821359557112749, 0.0], [0.8022193382104515, -0.5841739105848557, 0.0], [0.8031801275858077, -0.5861392366849217, 0.0], [0.8042999307232073, -0.5880185088410684, 0.0], [0.80557109823157, -0.5897988897186002, 0.0], [0.806984946747656, -0.5914682175105452, 0.0], [0.8085318182522416, -0.5930150890151308, 0.0], [0.8102011460441866, -0.5944289375312168, 0.0], [0.8119815269217183, -0.5957001050395796, 0.0], [0.8138607990778651, -0.596819908176979, 0.0], [0.8158261251779311, -0.5977806975523353, 0.0], [0.8178640800515121, -0.5985759099998272, 0.0], [0.8199607424000235, -0.5992001134119717, 0.0], [0.8221017898932891, -0.5996490438464259, 0.0], [0.8242725970055805, -0.5999196346530385, 0.0], [0.8264583349227905, -0.6000100374221802, 0.0], [1.1735416650772095, -0.6000100374221802, 0.0], [1.1757274055572657, -0.5999196370123049, 0.0], [1.1778982154184767, -0.5996490483452623, 0.0], [1.1800392658279573, -0.5992001198160664, 0.0], [1.1821359312400581, -0.5985759180618537, 0.0], [1.184173889303676, -0.5977807070136416, 0.0], [1.1861392186984347, -0.5968199187693549, 0.0], [1.188018494231424, -0.5957001164870881, 0.0], [1.1897988785448812, -0.5944289495520798, 0.0], [1.1914682098083633, -0.5930151013236536, 0.0], [1.193015084796384, -0.591468229819068, 0.0], [1.194428936784007, -0.5897989017394633, 0.0], [1.1957001077282952, -0.5880185202885769, 0.0], [1.1968199142425373, -0.5861392472772975, 0.0], [1.1977807069125863, -0.584173920046162, 0.0], [1.1985759225501151, -0.5821359637733012, 0.0], [1.199200129025849, -0.580039299766858, 0.0], [1.1996490623765181, -0.5778982503683341, 0.0], [1.1999196559320502, -0.5757274411164727, 0.0], [1.200010061264038, -0.5735417008399963, 0.0], [1.200010061264038, -0.1986103653907776, 0.0], [1.2001819890811771, -0.1964607311341177, 0.0], [1.2005283392035213, -0.19433222738630232, 0.0], [1.2010468125806442, -0.19223898302194184, 0.0], [1.2017339676187302, -0.1901948928660669, 0.0], [1.20258524302566, -0.1882135254611497, 0.0], [1.2035949880885817, -0.18630803299996881, 0.0], [1.204756500182989, -0.1844910640221769, 0.0], [1.2060620692643218, -0.18277467945408638, 0.0], [1.2075030290467617, -0.18117027254899576, 0.0], [1.2090698145294927, -0.17968849325948758, 0.0], [1.2107520254885784, -0.17833917754371, 0.0], [1.212538495512997, -0.17713128207490245, 0.0], [1.2144173661265791, -0.1760728247875593, 0.0], [1.2163761655038297, -0.175170831654883, 0.0], [1.2184018912571244, -0.1744312900508136, 0.0], [1.2204810967457462, -0.17385910900621546, 0.0], [1.2225999803338423, -0.17345808662303788, 0.0], [1.2247444770048201, -0.17323088486275195, 0.0], [1.2269003517240467, -0.17317901187641718, 0.0], [1.2290532939301173, -0.17330281199366904, 0.0], [1.2311890125274658, -0.17360146343708038, 0.0], [1.7677994966506958, -0.2928542494773865, 0.0], [1.7699178241300142, -0.2932353686112681, 0.0], [1.772060113856934, -0.29344311323762146, 0.0], [1.7742121999010296, -0.29347610964126414, 0.0], [1.7763598515535473, -0.29333413963286703, 0.0], [1.7784888674282286, -0.2930181419917353, 0.0], [1.780585169368241, -0.2925302062581132, 0.0], [1.78263489553825, -0.2918735589160601, 0.0], [1.7846244920860612, -0.29105254205826553, 0.0], [1.7865408027677188, -0.2900725846738804, 0.0], [1.7883711559434112, -0.2889401667492265, 0.0], [1.7901034483689253, -0.2876627764187667, 0.0], [1.7917262252285706, -0.2862488604496774, 0.0], [1.7932287558803603, -0.2847077683874446, 0.0], [1.7946011048125818, -0.2830496907318215, 0.0], [1.795834197342548, -0.28128559155196037, 0.0], [1.7969198796231074, -0.2794271359863026, 0.0], [1.797850972560108, -0.27748661310663514, 0.0], [1.7986213192842897, -0.27547685465637595, 0.0], [1.7992258258636968, -0.2734111502004339, 0.0], [1.7996604949873967, -0.27130315924771436, 0.0], [1.7999224523977728, -0.2691668209273647, 0.0], [1.8000099658966064, -0.2670162618160248, 0.0], [1.8000099658966067, 0.2670162618160248, 0.0], [1.7999224564796252, 0.2691668162425593, 0.0], [1.7996605035182465, 0.27130315022524376, 0.0], [1.7992258391812703, 0.27341113721612126, 0.0], [1.7986213376946614, 0.2754768381122422, 0.0], [1.7978509963356757, 0.27748659342824056, 0.0], [1.7969199090007912, 0.2794271136199329, 0.0], [1.7958342325222245, 0.28128556696167545, 0.0], [1.7946011459557614, 0.283049664396387, 0.0], [1.7932288031091201, 0.28470774079716604, 0.0], [1.791726278624746, 0.2862488321031578, 0.0], [1.79010350797357, 0.28766274781960993, 0.0], 