{"parts": [{"name": "main_1", "expression": "Difference(lhf_0, Union(lhf_1, lhf_2))", "lhfs": {"lhf_0": {"plane_normal": [0.0, 1.0, 0.0], "plane_origin": [0.0, 0.0, 0.0], "amount": [2.0], "polysets": [[[-0.5, -0.5, 0.0], [0.5, -0.5, 0.0], [0.5, 0.5, 0.0], [-0.5, 0.5, 0.0], [-0.5, -0.5, 0.0]]], "poly_signs": [1]}, "lhf_1": {"plane_normal": [1.0, 0.0, 0.0], "plane_origin": [-0.5009999871253967, 0.0, 0.0], "amount": [0.5109999761581421], "polysets": [[[1.2252438068389893, -1.3689501285552979, 0.0], [1.2267998326289962, -1.3704877847593488, 0.0], [1.22847752244634, -1.3718916934949168, 0.0], [1.230265415968134, -1.37315226464156, 0.0], [1.232151300068428, -1.3742608872199344, 0.0], [1.2341222922462418, -1.3752099882135176, 0.0], [1.2361649286261134, -1.3759930842999895, 0.0], [1.2382652559300231, -1.3766048261389008, 0.0], [1.240408926792432, -1.3770410349130917, 0.0], [1.2425812977673405, -1.3772987308742524, 0.0], [1.2447675293578735, -1.377376153697625, 0.0], [1.2469526873850945, -1.3772727745068072, 0.0], [1.249121845003594, -1.3769892994865145, 0.0], [1.2512601846669793, -1.3765276650586227, 0.0], [1.2533530993467474, -1.375891024654442, 0.0], [1.2553862923130992, -1.3750837271735838, 0.0], [1.2573458747961066, -1.3741112872765653, 0.0], [1.2592184608600945, -1.3729803477140856, 0.0], [1.260991258843157, -1.3716986339503023, 0.0], [1.2626521587371826, -1.3702749013900757, 0.0], [3.4190001487731934, 0.6385714411735535, 0.0], [3.420537802210818, 0.6401274742449392, 0.0], [3.421941707588117, 0.6418051710903425, 0.0], [3.423202274807588, 0.6435930713388684, 0.0], [3.424310892916716, 0.6454789618186153, 0.0], [3.425259988929505, 0.6474499599850254, 0.0], [3.4260430795576613, 0.6494926019217288, 0.0], [3.42665481549802, 0.6515929343127466, 0.0], [3.4270910179737144, 0.65373660975779, 0.0], [3.4273487072794606, 0.6559089847795552, 0.0], [3.4274261231359633, 0.6580952198535229, 0.0], [3.4273227367144115, 0.6602803807769616, 0.0], [3.4270392542489136, 0.6624495406846771, 0.0], [3.426577612212204, 0.6645878820146399, 0.0], [3.4259409640875678, 0.6666807977269615, 0.0], [3.4251336588273564, 0.6687139910847905, 0.0], [3.424161211145227, 0.6706735733155239, 0.0], [3.4230302638450594, 0.67254615848521, 0.0], [3.421748542443867, 0.6743189549380524, 0.0], [3.4203248023986816, 0.6759798526763916, 0.0], [2.7747561931610107, 1.3689501285552976, 0.0], [2.773200167371004, 1.3704877847593488, 0.0], [2.7715224775536598, 1.3718916934949168, 0.0], [2.7697345840318657, 1.3731522646415597, 0.0], [2.7678486999315717, 1.3742608872199342, 0.0], [2.7658777077537584, 1.3752099882135174, 0.0], [2.763835071373886, 1.3759930842999895, 0.0], [2.761734744069977, 1.3766048261389006, 0.0], [2.7595910732075675, 1.3770410349130917, 0.0], [2.757418702232659, 1.3772987308742526, 0.0], [2.7552324706421265, 1.377376153697625, 0.0], [2.753047312614905, 1.3772727745068072, 0.0], [2.750878154996406, 1.3769892994865145, 0.0], [2.7487398153330207, 1.3765276650586227, 0.0], [2.7466469006532526, 1.3758910246544422, 0.0], [2.744613707686901, 1.3750837271735838, 0.0], [2.7426541252038934, 1.3741112872765653, 0.0], [2.7407815391399057, 1.3729803477140856, 0.0], [2.7390087411568427, 1.3716986339503026, 0.0], [2.7373478412628174, 1.3702749013900757, 0.0], [0.5809998512268066, -0.6385714411735535, 0.0], [0.5794621952263356, -0.6401274718856728, 0.0], [0.5780582871001171, -0.6418051665915061, 0.0], [0.5767977169644307, -0.6435930649347736, 0.0], [0.5756890957917139, -0.6454789537565888, 0.0], [0.5747399965888876, -0.6474499505237191, 0.0], [0.5739569026660388, -0.649492591329353, 0.0], [0.5733451633488376, -0.6515929228652381, 0.0], [0.5729089574372173, -0.653736597736927, 0.0], [0.572651264659934, -0.6559089724710325, 0.0], [0.5725738453199964, -0.6580952075450002, 0.0], [0.5726772282700112, -0.6602803687560987, 0.0], [0.5729607072995837, -0.6624495292371688, 0.0], [0.573422345959451, -0.6645878714222644, 0.0], [0.5740589907893939, -0.6666807882656555, 0.0], [0.5748662928595687, -0.6687139830227643, 0.0], [0.5758387374781087, -0.6706735669114294, 0.0], [0.5769696818620614, -0.672546153986374, 0.0], [0.5782514005143342, -0.6743189525787863, 0.0], [0.5796751379966736, -0.6759798526763916, 0.0], [1.2252438068389893, -1.3689501285552979, 0.0]]], "poly_signs": [1]}, "lhf_2": {"plane_normal": [-1.0, 0.0, 0.0], "plane_origin": [0.5009999871253967, 0.0, 0.0], "amount": [0.5109999761581421],